,name,nodes,num_nodes,kv_base,distance,coord_defined,x,y,latitude,longitude,all_pce_active_bus,all_pde_active_bus,line_list,line_total_miles,load_list,section_id,total_customers,irrad_0h,irrad_1h,irrad_2h,irrad_3h,irrad_4h,irrad_5h,irrad_6h,irrad_7h,irrad_8h,irrad_9h,irrad_10h,irrad_11h,irrad_12h,irrad_13h,irrad_14h,irrad_15h,irrad_16h,irrad_17h,irrad_18h,irrad_19h,irrad_20h,irrad_21h,irrad_22h,irrad_23h
1078,82023305286787,"[1, 2, 3, 4]",4,0.2193931022920578,3.6741509999999984,1,-49.3171212538427,-16.6010419248449,0.0,0.0,"['Load.m2_trf_5286787a', 'Load.m1_trf_5286787a', 'Reactor.trf_5286787a_r', 'PVSystem.pv_87', 'PVSystem.pv_88']",['Transformer.trf_5286787a'],['None'],0.0,"['LOAD.m2_trf_5286787a', 'LOAD.m1_trf_5286787a']",0,0,0.0,0.0,0.0,0.0,0.0,0.0,0.0,0.0,0.0,5.388169863013698,100.67328767123287,298.0870301369863,504.6130082191781,670.9066356164383,780.737101369863,832.743709589041,794.1455506849314,676.3058465753425,510.05616986301374,314.15079452054795,125.65195616438356,11.893024657534246,0.0,0.0
1079,82023395286788,"[1, 2, 3, 4]",4,0.2193931022920578,3.397102999999998,1,-49.3181927178196,-16.5995553985627,0.0,0.0,"['Load.m2_trf_5286788a', 'Load.m1_trf_5286788a', 'Reactor.trf_5286788a_r', 'PVSystem.pv_11', 'PVSystem.pv_12']",['Transformer.trf_5286788a'],['None'],0.0,"['LOAD.m2_trf_5286788a', 'LOAD.m1_trf_5286788a']",0,0,0.0,0.0,0.0,0.0,0.0,0.0,0.0,0.0,0.0,5.345331506849315,99.55983561643836,295.67610410958906,500.70784657534244,670.1137479452055,779.1326739726027,830.9847726027397,794.0216383561643,675.1300164383562,510.9946904109589,316.69089315068493,126.06025753424657,11.779780821917807,0.0,0.0
1081,82022455286790,"[1, 2, 3, 4]",4,0.2193931022920578,4.906349,1,-49.3112150075664,-16.603424910631,0.0,0.0,"['Load.m2_trf_5286790a', 'Load.m1_trf_5286790a', 'Reactor.trf_5286790a_r', 'PVSystem.pv_73', 'PVSystem.pv_74']",['Transformer.trf_5286790a'],['None'],0.0,"['LOAD.m2_trf_5286790a', 'LOAD.m1_trf_5286790a']",0,0,0.0,0.0,0.0,0.0,0.0,0.0,0.0,0.0,0.0,5.388487671232877,100.67397808219178,298.0870301369863,504.6130082191781,670.9066356164383,780.737101369863,832.743709589041,794.1455452054795,676.3058465753425,510.05616986301374,314.15079452054795,125.65195616438356,11.893391780821917,0.0,0.0
1082,82022605286791,"[1, 2, 3, 4]",4,0.2193931022920578,4.636599999999999,1,-49.3134042533035,-16.6017076362983,0.0,0.0,"['Load.m2_trf_5286791a', 'Load.m1_trf_5286791a', 'Reactor.trf_5286791a_r', 'PVSystem.pv_49', 'PVSystem.pv_50']",['Transformer.trf_5286791a'],['None'],0.0,"['LOAD.m2_trf_5286791a', 'LOAD.m1_trf_5286791a']",0,0,0.0,0.0,0.0,0.0,0.0,0.0,0.0,0.0,0.0,5.388394520547945,100.67373150684931,298.0870301369863,504.6130082191781,670.9066356164383,780.737101369863,832.743709589041,794.1455506849314,676.3058465753425,510.05616986301374,314.15079452054795,125.65195616438356,11.900668493150684,0.0,0.0
1083,82019965286792,"[1, 2, 3, 4]",4,0.2193931022920578,4.915533999999998,1,-49.3138418148478,-16.6084886828064,0.0,0.0,"['Load.m2_trf_5286792a', 'Load.m1_trf_5286792a', 'Reactor.trf_5286792a_r', 'PVSystem.pv_89', 'PVSystem.pv_90']",['Transformer.trf_5286792a'],['None'],0.0,"['LOAD.m2_trf_5286792a', 'LOAD.m1_trf_5286792a']",0,0,0.0,0.0,0.0,0.0,0.0,0.0,0.0,0.0,0.0,5.388465753424658,100.6732602739726,298.0870301369863,504.6130082191781,670.9066356164383,780.737101369863,832.743709589041,794.1455397260273,676.3058465753425,510.05616986301374,314.1507890410959,125.65195616438356,11.893019178082193,0.0,0.0
1085,82020175286794,"[1, 2, 3, 4]",4,0.2193931022920578,4.496786,1,-49.3162140312525,-16.6062125913379,0.0,0.0,"['Load.m2_trf_5286794a', 'Load.m1_trf_5286794a', 'Reactor.trf_5286794a_r', 'PVSystem.pv_19', 'PVSystem.pv_20']",['Transformer.trf_5286794a'],['None'],0.0,"['LOAD.m2_trf_5286794a', 'LOAD.m1_trf_5286794a']",0,0,0.0,0.0,0.0,0.0,0.0,0.0,0.0,0.0,0.0,5.388339726027397,100.6730904109589,298.0870301369863,504.6130082191781,670.9066356164383,780.737101369863,832.743709589041,794.1455397260273,676.3058465753425,510.05616986301374,314.15079452054795,125.65195616438356,11.890854794520548,0.0,0.0
1086,82020405286795,"[1, 2, 3, 4]",4,0.2193931022920578,4.378549,1,-49.315640961661,-16.605295246878,0.0,0.0,"['Load.m2_trf_5286795a', 'Load.m1_trf_5286795a', 'Reactor.trf_5286795a_r', 'PVSystem.pv_69', 'PVSystem.pv_70']",['Transformer.trf_5286795a'],['None'],0.0,"['LOAD.m2_trf_5286795a', 'LOAD.m1_trf_5286795a']",0,0,0.0,0.0,0.0,0.0,0.0,0.0,0.0,0.0,0.0,5.388345205479451,100.67323835616439,298.0870301369863,504.6130082191781,670.9066356164383,780.737101369863,832.743709589041,794.1455397260273,676.3058465753425,510.05616986301374,314.15079452054795,125.65195616438356,11.893457534246576,0.0,0.0
1090,82021995286799,"[1, 2, 3, 4]",4,0.2193931022920578,4.077833999999999,1,-49.3189595517418,-16.6041111940763,0.0,0.0,"['Load.m2_trf_5286799a', 'Load.m1_trf_5286799a', 'Reactor.trf_5286799a_r', 'PVSystem.pv_43', 'PVSystem.pv_44']",['Transformer.trf_5286799a'],['None'],0.0,"['LOAD.m2_trf_5286799a', 'LOAD.m1_trf_5286799a']",0,0,0.0,0.0,0.0,0.0,0.0,0.0,0.0,0.0,0.0,5.388153424657534,100.67284931506849,298.0870301369863,504.6130082191781,670.9066356164383,780.737101369863,832.743709589041,794.1455452054795,676.3058465753425,510.05616986301374,314.15079452054795,125.65195616438356,11.874838356164384,0.0,0.0
1091,82024325286800,"[1, 2, 3, 4]",4,0.2193931022920578,4.419802999999999,1,-49.321836663731,-16.6020838074217,0.0,0.0,"['Load.m2_trf_5286800a', 'Load.m1_trf_5286800a', 'Reactor.trf_5286800a_r', 'PVSystem.pv_65', 'PVSystem.pv_66']",['Transformer.trf_5286800a'],['None'],0.0,"['LOAD.m2_trf_5286800a', 'LOAD.m1_trf_5286800a']",0,0,0.0,0.0,0.0,0.0,0.0,0.0,0.0,0.0,0.0,5.38798904109589,100.6725808219178,298.0870301369863,504.6130082191781,670.9066356164383,780.737101369863,832.743709589041,794.1455506849314,676.3058465753425,510.05616986301374,314.15079452054795,125.65195616438356,11.90075616438356,0.0,0.0
1094,82036745286803,"[1, 2, 3, 4]",4,0.2193931022920578,4.494101,1,-49.3184298465601,-16.6068269497039,0.0,0.0,"['Load.m2_trf_5286803a', 'Load.m1_trf_5286803a', 'Reactor.trf_5286803a_r', 'PVSystem.pv_45', 'PVSystem.pv_46']",['Transformer.trf_5286803a'],['None'],0.0,"['LOAD.m2_trf_5286803a', 'LOAD.m1_trf_5286803a']",0,0,0.0,0.0,0.0,0.0,0.0,0.0,0.0,0.0,0.0,5.388202739726028,100.67275616438356,298.0870301369863,504.6130082191781,670.9066356164383,780.737101369863,832.743709589041,794.1455397260273,676.3058465753425,510.05616986301374,314.15079452054795,125.65195616438356,11.908931506849315,0.0,0.0
1095,82033055286804,"[1, 2, 3, 4]",4,0.2193931022920578,7.508951,1,-49.3284535003287,-16.6205523254294,0.0,0.0,"['Load.m2_trf_5286804a', 'Load.m1_trf_5286804a', 'Reactor.trf_5286804a_r', 'PVSystem.pv_57', 'PVSystem.pv_58']",['Transformer.trf_5286804a'],['None'],0.0,"['LOAD.m2_trf_5286804a', 'LOAD.m1_trf_5286804a']",0,0,0.0,0.0,0.0,0.0,0.0,0.0,0.0,0.0,0.0,5.387956164383562,100.6703890410959,298.08702465753424,504.6130082191781,670.9066356164383,780.737101369863,832.743709589041,794.1455397260273,676.3058465753425,510.05616986301374,314.1507890410959,125.65195616438356,11.909068493150686,0.0,0.0
1097,82024965286806,"[1, 2, 3, 4]",4,0.2193931022920578,7.805309,1,-49.3297741547534,-16.6182775532664,0.0,0.0,"['Load.m2_trf_5286806a', 'Load.m1_trf_5286806a', 'Reactor.trf_5286806a_r', 'PVSystem.pv_93', 'PVSystem.pv_94']",['Transformer.trf_5286806a'],['None'],0.0,"['LOAD.m2_trf_5286806a', 'LOAD.m1_trf_5286806a']",0,0,0.0,0.0,0.0,0.0,0.0,0.0,0.0,0.0,0.0,5.370164383561644,100.51800547945206,298.08702465753424,504.6130082191781,670.9066356164383,780.737101369863,832.743709589041,794.1455397260273,676.3058465753425,510.05616986301374,314.15079452054795,125.65195616438356,11.909068493150686,0.0,0.0
1098,90855665286807,"[1, 2, 3, 4]",4,0.2193931022920578,7.976922999999999,1,-49.3271214236147,-16.6167689153531,0.0,0.0,"['Load.m2_trf_5286807a', 'Load.m1_trf_5286807a', 'Reactor.trf_5286807a_r', 'PVSystem.pv_31', 'PVSystem.pv_32']",['Transformer.trf_5286807a'],['None'],0.0,"['LOAD.m2_trf_5286807a', 'LOAD.m1_trf_5286807a']",0,0,0.0,0.0,0.0,0.0,0.0,0.0,0.0,0.0,0.0,5.387978082191781,100.67079999999999,298.08702465753424,504.6130082191781,670.9066356164383,780.737101369863,832.743709589041,794.1455397260273,676.3058465753425,510.05616986301374,314.15079452054795,125.65195616438356,11.909046575342465,0.0,0.0
1099,82027905286808,"[1, 2, 3, 4]",4,0.2193931022920578,8.346487999999997,1,-49.3258860671882,-16.6137354031662,0.0,0.0,"['Load.m2_trf_5286808a', 'Load.m1_trf_5286808a', 'Reactor.trf_5286808a_r', 'PVSystem.pv_27', 'PVSystem.pv_28']",['Transformer.trf_5286808a'],['None'],0.0,"['LOAD.m2_trf_5286808a', 'LOAD.m1_trf_5286808a']",0,0,0.0,0.0,0.0,0.0,0.0,0.0,0.0,0.0,0.0,5.387994520547945,100.17269041095891,298.08702465753424,504.6130082191781,670.9066356164383,780.737101369863,832.743709589041,794.1455397260273,676.3058465753425,510.05616986301374,314.15079452054795,125.65195616438356,11.909024657534246,0.0,0.0
1100,82028045286809,"[1, 2, 3, 4]",4,0.2193931022920578,8.708665999999997,1,-49.3245624620878,-16.6107712826685,0.0,0.0,"['Load.m2_trf_5286809a', 'Load.m1_trf_5286809a', 'Reactor.trf_5286809a_r', 'PVSystem.pv_95', 'PVSystem.pv_96']",['Transformer.trf_5286809a'],['None'],0.0,"['LOAD.m2_trf_5286809a', 'LOAD.m1_trf_5286809a']",0,0,0.0,0.0,0.0,0.0,0.0,0.0,0.0,0.0,0.0,5.388,100.67169863013699,298.0870301369863,504.6130082191781,670.9066356164383,780.737101369863,832.743709589041,794.1455397260273,676.3058465753425,510.05616986301374,314.15079452054795,125.65195616438356,11.908986301369863,0.0,0.0
1101,82028035286810,"[1, 2, 3, 4]",4,0.2193931022920578,8.550047999999997,1,-49.3251415085737,-16.6120862677669,0.0,0.0,"['Load.m2_trf_5286810a', 'Load.m1_trf_5286810a', 'Reactor.trf_5286810a_r', 'PVSystem.pv_15', 'PVSystem.pv_16']",['Transformer.trf_5286810a'],['None'],0.0,"['LOAD.m2_trf_5286810a', 'LOAD.m1_trf_5286810a']",0,0,0.0,0.0,0.0,0.0,0.0,0.0,0.0,0.0,0.0,5.388,100.67151780821918,298.0870301369863,504.6130082191781,670.9066356164383,780.737101369863,832.743709589041,794.1455397260273,676.3058465753425,510.05616986301374,314.15079452054795,125.65195616438356,11.909002739726027,0.0,0.0
1102,82026685286811,"[1, 2, 3, 4]",4,0.2193931022920578,8.360928000000001,1,-49.3309086531118,-16.6269077021286,0.0,0.0,"['Load.m2_trf_5286811a', 'Load.m1_trf_5286811a', 'Reactor.trf_5286811a_r', 'PVSystem.pv_47', 'PVSystem.pv_48']",['Transformer.trf_5286811a'],['None'],0.0,"['LOAD.m2_trf_5286811a', 'LOAD.m1_trf_5286811a']",0,0,0.0,0.0,0.0,0.0,0.0,0.0,0.0,0.0,0.0,5.387928767123288,100.6697315068493,298.0870191780822,504.6130082191781,670.9066356164383,780.737101369863,832.743709589041,794.1455342465754,676.3058465753425,510.05616986301374,314.1507890410959,125.65195616438356,11.909101369863015,0.0,0.0
1103,82026915286812,"[1, 2, 3, 4]",4,0.2193931022920578,8.798260999999997,1,-49.3343118792897,-16.6246396946661,0.0,0.0,"['Load.m2_trf_5286812a', 'Load.m1_trf_5286812a', 'Reactor.trf_5286812a_r', 'PVSystem.pv_3', 'PVSystem.pv_4']",['Transformer.trf_5286812a'],['None'],0.0,"['LOAD.m2_trf_5286812a', 'LOAD.m1_trf_5286812a']",0,0,0.0,0.0,0.0,0.0,0.0,0.0,0.0,0.0,0.0,5.3877424657534245,100.66934794520547,298.0870191780822,504.6130082191781,670.9066356164383,780.737101369863,832.743709589041,794.1455342465754,676.3058465753425,510.05616986301374,314.15079452054795,125.65195616438356,11.909112328767124,0.0,0.0
1105,82027655286814,"[1, 2, 3, 4]",4,0.2193931022920578,9.285505999999994,1,-49.3333406861237,-16.6212407222814,0.0,0.0,"['Load.m2_trf_5286814a', 'Load.m1_trf_5286814a', 'Reactor.trf_5286814a_r', 'PVSystem.pv_37', 'PVSystem.pv_38']",['Transformer.trf_5286814a'],['None'],0.0,"['LOAD.m2_trf_5286814a', 'LOAD.m1_trf_5286814a']",0,0,0.0,0.0,0.0,0.0,0.0,0.0,0.0,0.0,0.0,5.387731506849315,100.6697315068493,298.08702465753424,504.6130082191781,670.9066356164383,780.737101369863,832.743709589041,794.1455397260273,676.3058465753425,510.05616986301374,314.15079452054795,125.65195616438356,11.902224657534246,0.0,0.0
1106,82027735286815,"[1, 2, 3, 4]",4,0.2193931022920578,9.483632999999994,1,-49.3342447898651,-16.6196912443554,0.0,0.0,"['Load.m2_trf_5286815a', 'Load.m1_trf_5286815a', 'Reactor.trf_5286815a_r', 'PVSystem.pv_25', 'PVSystem.pv_26']",['Transformer.trf_5286815a'],['None'],0.0,"['LOAD.m2_trf_5286815a', 'LOAD.m1_trf_5286815a']",0,0,0.0,0.0,0.0,0.0,0.0,0.0,0.0,0.0,0.0,5.387660273972603,100.66969863013699,298.08702465753424,504.6130082191781,670.9066356164383,780.737101369863,832.743709589041,794.1455397260273,676.3058465753425,510.05616986301374,314.15079452054795,125.65195616438356,11.909106849315068,0.0,0.0
1107,82029355286816,"[1, 2, 3, 4]",4,0.2193931022920578,7.923911999999999,1,-49.329606733364,-16.6278822308802,0.0,0.0,"['Load.m2_trf_5286816a', 'Load.m1_trf_5286816a', 'Reactor.trf_5286816a_r', 'PVSystem.pv_53', 'PVSystem.pv_54']",['Transformer.trf_5286816a'],['None'],0.0,"['LOAD.m2_trf_5286816a', 'LOAD.m1_trf_5286816a']",0,0,0.0,0.0,0.0,0.0,0.0,0.0,0.0,0.0,0.0,5.388021917808219,100.66983561643835,298.0870191780822,504.6130082191781,670.9066356164383,780.737101369863,832.743709589041,794.1455342465754,676.3058465753425,510.05616986301374,314.1507890410959,125.65195616438356,11.909079452054796,0.0,0.0
1110,82027135286819,"[1, 2, 3, 4]",4,0.2193931022920578,8.639045999999999,1,-49.3344457523695,-16.6258471118546,0.0,0.0,"['Load.m2_trf_5286819a', 'Load.m1_trf_5286819a', 'Reactor.trf_5286819a_r', 'PVSystem.pv_35', 'PVSystem.pv_36']",['Transformer.trf_5286819a'],['None'],0.0,"['LOAD.m2_trf_5286819a', 'LOAD.m1_trf_5286819a']",0,0,0.0,0.0,0.0,0.0,0.0,0.0,0.0,0.0,0.0,5.387753424657534,100.66924931506848,298.0870191780822,504.6130082191781,670.9066356164383,780.737101369863,832.743709589041,794.1455342465754,676.3058465753425,510.05616986301374,314.1507890410959,125.65195616438356,11.909112328767124,0.0,0.0
1112,82025745286821,"[1, 2, 3, 4]",4,0.2193931022920578,8.165772,1,-49.3309341111203,-16.628299562175,0.0,0.0,"['Load.m2_trf_5286821a', 'Load.m1_trf_5286821a', 'Reactor.trf_5286821a_r', 'PVSystem.pv_7', 'PVSystem.pv_8']",['Transformer.trf_5286821a'],['None'],0.0,"['LOAD.m2_trf_5286821a', 'LOAD.m1_trf_5286821a']",0,0,0.0,0.0,0.0,0.0,0.0,0.0,0.0,0.0,0.0,5.387950684931507,100.66961095890412,298.0870191780822,504.6130082191781,670.9066356164383,780.737101369863,832.743709589041,794.1455342465754,676.3058465753425,510.05616986301374,314.1507890410959,125.65195616438356,11.909101369863015,0.0,0.0
1113,82042655286828,"[1, 2, 3, 4]",4,0.2193931022920578,2.3702430000000003,1,-49.3170977131888,-16.5926167197857,0.0,0.0,"['Load.m2_trf_5286828a', 'Load.m1_trf_5286828a', 'Reactor.trf_5286828a_r', 'PVSystem.pv_103', 'PVSystem.pv_104']",['Transformer.trf_5286828a'],['None'],0.0,"['LOAD.m2_trf_5286828a', 'LOAD.m1_trf_5286828a']",0,0,0.0,0.0,0.0,0.0,0.0,0.0,0.0,0.0,0.0,5.345265753424657,99.56041095890411,295.67610410958906,500.70784657534244,670.1137479452055,779.1326739726027,830.9847726027397,794.0216383561643,675.1300219178082,510.9946904109589,316.690898630137,126.06025753424657,11.763101369863014,0.0,0.0
1115,81460505286830,"[1, 2, 3, 4]",4,0.2193931022920578,2.7138819999999995,1,-49.3188291221662,-16.5954239148817,0.0,0.0,"['Load.m2_trf_5286830a', 'Load.m1_trf_5286830a', 'Reactor.trf_5286830a_r', 'PVSystem.pv_61', 'PVSystem.pv_62']",['Transformer.trf_5286830a'],['None'],0.0,"['LOAD.m2_trf_5286830a', 'LOAD.m1_trf_5286830a']",0,0,0.0,0.0,0.0,0.0,0.0,0.0,0.0,0.0,0.0,5.345243835616439,99.56001095890412,295.67610410958906,500.70784657534244,670.1137479452055,779.1326739726027,830.9847726027397,794.0216383561643,675.1300219178082,510.9946904109589,316.690898630137,126.06025753424657,11.779775342465754,0.0,0.0
1116,82043025286831,"[1, 2, 3, 4]",4,0.2193931022920578,5.164359999999999,1,-49.3100799669168,-16.6014005133229,0.0,0.0,"['Load.m2_trf_5286831a', 'Load.m1_trf_5286831a', 'Reactor.trf_5286831a_r', 'PVSystem.pv_105', 'PVSystem.pv_106']",['Transformer.trf_5286831a'],['None'],0.0,"['LOAD.m2_trf_5286831a', 'LOAD.m1_trf_5286831a']",0,0,0.0,0.0,0.0,0.0,0.0,0.0,0.0,0.0,0.0,5.388504109589041,100.67428493150685,298.0870301369863,504.6130082191781,670.9066356164383,780.737101369863,832.743709589041,794.1455506849314,676.3058465753425,510.05616986301374,314.15079452054795,125.65195616438356,11.891660273972603,0.0,0.0
1118,82041995286833,"[1, 2, 3, 4]",4,0.2193931022920578,6.517561000000003,1,-49.3086226416215,-16.6153695387731,0.0,0.0,"['Load.m2_trf_5286833a', 'Load.m1_trf_5286833a', 'Reactor.trf_5286833a_r', 'PVSystem.pv_83', 'PVSystem.pv_84']",['Transformer.trf_5286833a'],['None'],0.0,"['LOAD.m2_trf_5286833a', 'LOAD.m1_trf_5286833a']",0,0,0.0,0.0,0.0,0.0,0.0,0.0,0.0,0.0,0.0,5.403030136986302,100.67343013698631,298.0870301369863,504.6130082191781,670.9066356164383,780.737101369863,832.743709589041,794.1455397260273,676.3058465753425,510.05616986301374,314.1507890410959,125.6519506849315,11.873331506849315,0.0,0.0
1119,82038095286834,"[1, 2, 3, 4]",4,0.2193931022920578,5.090404000000001,1,-49.3091143882184,-16.6057212170604,0.0,0.0,"['Load.m2_trf_5286834a', 'Load.m1_trf_5286834a', 'Reactor.trf_5286834a_r', 'PVSystem.pv_41', 'PVSystem.pv_42']",['Transformer.trf_5286834a'],['None'],0.0,"['LOAD.m2_trf_5286834a', 'LOAD.m1_trf_5286834a']",0,0,0.0,0.0,0.0,0.0,0.0,0.0,0.0,0.0,0.0,5.399117808219178,100.67417534246576,298.0870301369863,504.6130082191781,670.9066356164383,780.737101369863,832.743709589041,794.1455397260273,676.3058465753425,510.05616986301374,314.1507890410959,125.65195616438356,11.890761643835615,0.0,0.0
1120,82038115286835,"[1, 2, 3, 4]",4,0.2193931022920578,5.1560830000000015,1,-49.3088003458592,-16.605194537198,0.0,0.0,"['Load.m2_trf_5286835a', 'Load.m1_trf_5286835a', 'Reactor.trf_5286835a_r', 'PVSystem.pv_71', 'PVSystem.pv_72']",['Transformer.trf_5286835a'],['None'],0.0,"['LOAD.m2_trf_5286835a', 'LOAD.m1_trf_5286835a']",0,0,0.0,0.0,0.0,0.0,0.0,0.0,0.0,0.0,0.0,5.399117808219178,100.67424657534247,298.0870301369863,504.6130082191781,670.9066356164383,780.737101369863,832.743709589041,794.1455397260273,676.3058465753425,510.05616986301374,314.1507890410959,125.65195616438356,11.892926027397259,0.0,0.0
1124,82038825286839,"[1, 2, 3, 4]",4,0.2193931022920578,4.981122000000001,1,-49.3107348532308,-16.6079664428969,0.0,0.0,"['Load.m2_trf_5286839a', 'Load.m1_trf_5286839a', 'Reactor.trf_5286839a_r', 'PVSystem.pv_77', 'PVSystem.pv_78']",['Transformer.trf_5286839a'],['None'],0.0,"['LOAD.m2_trf_5286839a', 'LOAD.m1_trf_5286839a']",0,0,0.0,0.0,0.0,0.0,0.0,0.0,0.0,0.0,0.0,5.396153424657534,100.6737095890411,298.0870301369863,504.6130082191781,670.9066356164383,780.737101369863,832.743709589041,794.1455397260273,676.3058465753425,510.05616986301374,314.1507890410959,125.65195616438356,11.880213698630138,0.0,0.0
1125,82037555286840,"[1, 2, 3, 4]",4,0.2193931022920578,5.113677000000001,1,-49.3113913826061,-16.6089838792026,0.0,0.0,"['Load.m2_trf_5286840a', 'Load.m1_trf_5286840a', 'Reactor.trf_5286840a_r', 'PVSystem.pv_23', 'PVSystem.pv_24']",['Transformer.trf_5286840a'],['None'],0.0,"['LOAD.m2_trf_5286840a', 'LOAD.m1_trf_5286840a']",0,0,0.0,0.0,0.0,0.0,0.0,0.0,0.0,0.0,0.0,5.388602739726027,100.67357260273972,298.0870301369863,504.6130082191781,670.9066356164383,780.737101369863,832.743709589041,794.1455397260273,676.3058465753425,510.05616986301374,314.1507890410959,125.65195616438356,11.890799999999999,0.0,0.0
1127,82039695286842,"[1, 2, 3, 4]",4,0.2193931022920578,5.858585000000001,1,-49.3062436263422,-16.6124753162827,0.0,0.0,"['Load.m2_trf_5286842a', 'Load.m1_trf_5286842a', 'Reactor.trf_5286842a_r', 'PVSystem.pv_101', 'PVSystem.pv_102']",['Transformer.trf_5286842a'],['None'],0.0,"['LOAD.m2_trf_5286842a', 'LOAD.m1_trf_5286842a']",0,0,0.0,0.0,0.0,0.0,0.0,0.0,0.0,0.0,0.0,5.403095890410959,100.6741698630137,298.0870301369863,504.6130082191781,670.9066356164383,780.737101369863,832.743709589041,794.1455397260273,676.3058465753425,510.05616986301374,314.1507890410959,125.6519506849315,11.551232876712328,0.0,0.0
1130,82042275286845,"[1, 2, 3, 4]",4,0.2193931022920578,5.444330000000002,1,-49.3088381245797,-16.6105174247393,0.0,0.0,"['Load.m2_trf_5286845a', 'Load.m1_trf_5286845a', 'Reactor.trf_5286845a_r', 'PVSystem.pv_107', 'PVSystem.pv_108']",['Transformer.trf_5286845a'],['None'],0.0,"['LOAD.m2_trf_5286845a', 'LOAD.m1_trf_5286845a']",0,0,0.0,0.0,0.0,0.0,0.0,0.0,0.0,0.0,0.0,5.399221917808219,100.67386301369862,298.0870301369863,504.6130082191781,670.9066356164383,780.737101369863,832.743709589041,794.1455397260273,676.3058465753425,510.05616986301374,314.1507890410959,125.6519506849315,11.873320547945205,0.0,0.0
1132,82062475286857,"[1, 2, 3, 4]",4,0.2193931022920578,7.992989,1,-49.3287373902183,-16.6319417589049,0.0,0.0,"['Load.m2_trf_5286857a', 'Load.m1_trf_5286857a', 'Reactor.trf_5286857a_r', 'PVSystem.pv_39', 'PVSystem.pv_40']",['Transformer.trf_5286857a'],['None'],0.0,"['LOAD.m2_trf_5286857a', 'LOAD.m1_trf_5286857a']",0,0,0.0,0.0,0.0,0.0,0.0,0.0,0.0,0.0,0.0,5.388098630136986,100.66972054794519,298.0870191780822,504.6130082191781,670.9066356164383,780.737101369863,832.743709589041,794.1455342465754,676.3058465753425,510.05616986301374,314.1507890410959,125.65195616438356,11.909079452054796,0.0,0.0
1133,82064145286858,"[1, 2, 3, 4]",4,0.2193931022920578,5.760980000000003,1,-49.3103921530753,-16.6128615184442,0.0,0.0,"['Load.m2_trf_5286858a', 'Load.m1_trf_5286858a', 'Reactor.trf_5286858a_r', 'PVSystem.pv_117', 'PVSystem.pv_118']",['Transformer.trf_5286858a'],['None'],0.0,"['LOAD.m2_trf_5286858a', 'LOAD.m1_trf_5286858a']",0,0,0.0,0.0,0.0,0.0,0.0,0.0,0.0,0.0,0.0,5.399161643835616,100.67346301369862,298.0870301369863,504.6130082191781,670.9066356164383,780.737101369863,832.743709589041,794.1455397260273,676.3058465753425,510.05616986301374,314.1507890410959,125.6519506849315,11.879435616438355,0.0,0.0
1136,82065285286862,"[1, 2, 3, 4]",4,0.2193931022920578,6.664399000000001,1,-49.3103034907134,-16.6176411696042,0.0,0.0,"['Load.m2_trf_5286862a', 'Load.m1_trf_5286862a', 'Reactor.trf_5286862a_r', 'PVSystem.pv_85', 'PVSystem.pv_86']",['Transformer.trf_5286862a'],['None'],0.0,"['LOAD.m2_trf_5286862a', 'LOAD.m1_trf_5286862a']",0,0,0.0,0.0,0.0,0.0,0.0,0.0,0.0,0.0,0.0,5.399232876712329,100.67309589041096,298.0870301369863,504.6130082191781,670.9066356164383,780.737101369863,832.743709589041,794.1455397260273,676.3058465753425,510.05616986301374,314.1507890410959,125.6519506849315,11.908876712328766,0.0,0.0
1140,82063385286866,"[1, 2, 3, 4]",4,0.2193931022920578,6.834976,1,-49.30656935719,-16.6170143538293,0.0,0.0,"['Load.m2_trf_5286866a', 'Load.m1_trf_5286866a', 'Reactor.trf_5286866a_r', 'PVSystem.pv_79', 'PVSystem.pv_80']",['Transformer.trf_5286866a'],['None'],0.0,"['LOAD.m2_trf_5286866a', 'LOAD.m1_trf_5286866a']",0,0,0.0,0.0,0.0,0.0,0.0,0.0,0.0,0.0,0.0,5.407112328767123,100.67362739726029,298.0870301369863,504.6130082191781,670.9066356164383,780.737101369863,832.743709589041,794.1455397260273,676.3058465753425,510.05616986301374,314.1507890410959,125.6519506849315,11.908805479452054,0.0,0.0
1141,82044385286867,"[1, 2, 3, 4]",4,0.2193931022920578,4.904543,1,-49.3177829830981,-16.6094816629483,0.0,0.0,"['Load.m2_trf_5286867a', 'Load.m1_trf_5286867a', 'Reactor.trf_5286867a_r', 'PVSystem.pv_99', 'PVSystem.pv_100']",['Transformer.trf_5286867a'],['None'],0.0,"['LOAD.m2_trf_5286867a', 'LOAD.m1_trf_5286867a']",0,0,0.0,0.0,0.0,0.0,0.0,0.0,0.0,0.0,0.0,5.388312328767123,100.67269589041096,298.0870301369863,504.6130082191781,670.9066356164383,780.737101369863,832.743709589041,794.1455397260273,676.3058465753425,510.05616986301374,314.15079452054795,125.65195616438356,11.90892602739726,0.0,0.0
1144,82056915286890,"[1, 2, 3, 4]",4,0.2193931022920578,6.736773999999999,1,-49.3250829384268,-16.6181177077659,0.0,0.0,"['Load.m2_trf_5286890a', 'Load.m1_trf_5286890a', 'Reactor.trf_5286890a_r', 'PVSystem.pv_113', 'PVSystem.pv_114']",['Transformer.trf_5286890a'],['None'],0.0,"['LOAD.m2_trf_5286890a', 'LOAD.m1_trf_5286890a']",0,0,0.0,0.0,0.0,0.0,0.0,0.0,0.0,0.0,0.0,5.388065753424658,100.67100273972602,298.08702465753424,504.6130082191781,670.9066356164383,780.737101369863,832.743709589041,794.1455397260273,676.3058465753425,510.05616986301374,314.1507890410959,125.65195616438356,11.909030136986303,0.0,0.0
1145,82056385286891,"[1, 2, 3, 4]",4,0.2193931022920578,6.4762869999999975,1,-49.3228341575702,-16.6198482542934,0.0,0.0,"['Load.m2_trf_5286891a', 'Load.m1_trf_5286891a', 'Reactor.trf_5286891a_r', 'PVSystem.pv_115', 'PVSystem.pv_116']",['Transformer.trf_5286891a'],['None'],0.0,"['LOAD.m2_trf_5286891a', 'LOAD.m1_trf_5286891a']",0,0,0.0,0.0,0.0,0.0,0.0,0.0,0.0,0.0,0.0,5.388208219178082,100.67122191780821,298.08702465753424,504.6130082191781,670.9066356164383,780.737101369863,832.743709589041,794.1455397260273,676.3058465753425,510.05616986301374,314.1507890410959,125.65195616438356,11.909002739726027,0.0,0.0
1146,82053635286914,"[1, 2, 3, 4]",4,0.2193931022920578,7.030973999999998,1,-49.3249701499524,-16.6242844300823,0.0,0.0,"['Load.m2_trf_5286914a', 'Load.m1_trf_5286914a', 'Reactor.trf_5286914a_r', 'PVSystem.pv_91', 'PVSystem.pv_92']",['Transformer.trf_5286914a'],['None'],0.0,"['LOAD.m2_trf_5286914a', 'LOAD.m1_trf_5286914a']",0,0,0.0,0.0,0.0,0.0,0.0,0.0,0.0,0.0,0.0,5.388158904109589,100.1721589041096,298.08702465753424,504.6130082191781,670.9066356164383,780.737101369863,832.743709589041,794.1455342465754,676.3058465753425,510.05616986301374,314.1507890410959,125.65195616438356,11.909035616438356,0.0,0.0
1148,82054235286916,"[1, 2, 3, 4]",4,0.2193931022920578,6.965562999999999,1,-49.3242638233167,-16.6235919422143,0.0,0.0,"['Load.m2_trf_5286916a', 'Load.m1_trf_5286916a', 'Reactor.trf_5286916a_r', 'PVSystem.pv_67', 'PVSystem.pv_68']",['Transformer.trf_5286916a'],['None'],0.0,"['LOAD.m2_trf_5286916a', 'LOAD.m1_trf_5286916a']",0,0,0.0,0.0,0.0,0.0,0.0,0.0,0.0,0.0,0.0,5.388191780821918,100.51837808219177,298.08702465753424,504.6130082191781,670.9066356164383,780.737101369863,832.743709589041,794.1455342465754,676.3058465753425,510.05616986301374,314.1507890410959,125.65195616438356,11.909035616438356,0.0,0.0
1149,82054305286917,"[1, 2, 3, 4]",4,0.2193931022920578,6.741840999999998,1,-49.3238467402348,-16.621971008655,0.0,0.0,"['Load.m2_trf_5286917a', 'Load.m1_trf_5286917a', 'Reactor.trf_5286917a_r', 'PVSystem.pv_17', 'PVSystem.pv_18']",['Transformer.trf_5286917a'],['None'],0.0,"['LOAD.m2_trf_5286917a', 'LOAD.m1_trf_5286917a']",0,0,0.0,0.0,0.0,0.0,0.0,0.0,0.0,0.0,0.0,5.3881863013698625,100.67093150684931,298.08702465753424,504.6130082191781,670.9066356164383,780.737101369863,832.743709589041,794.1455342465754,676.3058465753425,510.05616986301374,314.1507890410959,125.65195616438356,11.909019178082193,0.0,0.0
1150,82053975286918,"[1, 2, 3, 4]",4,0.2193931022920578,7.415839,1,-49.3263798075819,-16.6208934949387,0.0,0.0,"['Load.m2_trf_5286918a', 'Load.m1_trf_5286918a', 'Reactor.trf_5286918a_r', 'PVSystem.pv_33', 'PVSystem.pv_34']",['Transformer.trf_5286918a'],['None'],0.0,"['LOAD.m2_trf_5286918a', 'LOAD.m1_trf_5286918a']",0,0,0.0,0.0,0.0,0.0,0.0,0.0,0.0,0.0,0.0,5.388054794520548,100.67066849315069,298.08702465753424,504.6130082191781,670.9066356164383,780.737101369863,832.743709589041,794.1455397260273,676.3058465753425,510.05616986301374,314.1507890410959,125.65195616438356,11.909035616438356,0.0,0.0
1153,82049545286931,"[1, 2, 3, 4]",4,0.2193931022920578,7.497457999999998,1,-49.3267524812419,-16.628009879752,0.0,0.0,"['Load.m2_trf_5286931a', 'Load.m1_trf_5286931a', 'Reactor.trf_5286931a_r', 'PVSystem.pv_13', 'PVSystem.pv_14']",['Transformer.trf_5286931a'],['None'],0.0,"['LOAD.m2_trf_5286931a', 'LOAD.m1_trf_5286931a']",0,0,0.0,0.0,0.0,0.0,0.0,0.0,0.0,0.0,0.0,5.38813698630137,100.67014246575341,298.08702465753424,504.6130082191781,670.9066356164383,780.737101369863,832.743709589041,794.1455342465754,676.3058465753425,510.05616986301374,314.1507890410959,125.65195616438356,11.90905205479452,0.0,0.0
1155,82049805286933,"[1, 2, 3, 4]",4,0.2193931022920578,8.170984,1,-49.3241190441585,-16.6316334236435,0.0,0.0,"['Load.m2_trf_5286933a', 'Load.m1_trf_5286933a', 'Reactor.trf_5286933a_r', 'PVSystem.pv_63', 'PVSystem.pv_64']",['Transformer.trf_5286933a'],['None'],0.0,"['LOAD.m2_trf_5286933a', 'LOAD.m1_trf_5286933a']",0,0,0.0,0.0,0.0,0.0,0.0,0.0,0.0,0.0,0.0,5.388356164383562,100.67032328767122,298.08702465753424,504.6130082191781,670.9066356164383,780.737101369863,832.743709589041,794.1455342465754,676.3058410958904,510.05616986301374,314.1507890410959,125.6519506849315,11.909035616438356,0.0,0.0
1156,82049885286934,"[1, 2, 3, 4]",4,0.2193931022920578,7.699553999999998,1,-49.327543389116,-16.629624831021,0.0,0.0,"['Load.m2_trf_5286934a', 'Load.m1_trf_5286934a', 'Reactor.trf_5286934a_r', 'PVSystem.pv_9', 'PVSystem.pv_10']",['Transformer.trf_5286934a'],['None'],0.0,"['LOAD.m2_trf_5286934a', 'LOAD.m1_trf_5286934a']",0,0,0.0,0.0,0.0,0.0,0.0,0.0,0.0,0.0,0.0,5.38812602739726,100.66997260273973,298.0870191780822,504.6130082191781,670.9066356164383,780.737101369863,832.743709589041,794.1455342465754,676.3058465753425,510.05616986301374,314.1507890410959,125.65195616438356,11.90906301369863,0.0,0.0
1160,82050465286938,"[1, 2, 3, 4]",4,0.2193931022920578,8.162467,1,-49.3245606148804,-16.6304351120907,0.0,0.0,"['Load.m2_trf_5286938a', 'Load.m1_trf_5286938a', 'Reactor.trf_5286938a_r', 'PVSystem.pv_97', 'PVSystem.pv_98']",['Transformer.trf_5286938a'],['None'],0.0,"['LOAD.m2_trf_5286938a', 'LOAD.m1_trf_5286938a']",0,0,0.0,0.0,0.0,0.0,0.0,0.0,0.0,0.0,0.0,5.388306849315068,100.67033424657534,298.08702465753424,504.6130082191781,670.9066356164383,780.737101369863,832.743709589041,794.1455342465754,676.3058465753425,510.05616986301374,314.1507890410959,125.65195616438356,11.909035616438356,0.0,0.0
1163,82040015286941,"[1, 2, 3, 4]",4,0.2193931022920578,8.817419000000001,1,-49.3195880663361,-16.6320576698255,0.0,0.0,"['Load.m2_trf_5286941a', 'Load.m1_trf_5286941a', 'Reactor.trf_5286941a_r', 'PVSystem.pv_119', 'PVSystem.pv_120']",['Transformer.trf_5286941a'],['None'],0.0,"['LOAD.m2_trf_5286941a', 'LOAD.m1_trf_5286941a']",0,0,0.0,0.0,0.0,0.0,0.0,0.0,0.0,0.0,0.0,5.388602739726027,100.67092602739726,298.08702465753424,504.6130082191781,670.9066356164383,780.737101369863,832.743709589041,794.1455342465754,676.3058410958904,510.05616986301374,314.1507890410959,125.6519506849315,11.908997260273972,0.0,0.0
1167,82040415286945,"[1, 2, 3, 4]",4,0.2193931022920578,8.736504000000002,1,-49.3194781341085,-16.6339183302666,0.0,0.0,"['Load.m2_trf_5286945a', 'Load.m1_trf_5286945a', 'Reactor.trf_5286945a_r', 'PVSystem.pv_109', 'PVSystem.pv_110']",['Transformer.trf_5286945a'],['None'],0.0,"['LOAD.m2_trf_5286945a', 'LOAD.m1_trf_5286945a']",0,0,0.0,0.0,0.0,0.0,0.0,0.0,0.0,0.0,0.0,5.3886301369863014,100.6708109589041,298.08702465753424,504.6130082191781,670.9066356164383,780.737101369863,832.743709589041,794.1455342465754,676.3058410958904,510.05616986301374,314.1507890410959,125.6519506849315,11.900350684931507,0.0,0.0
1178,82034555505307,"[1, 2, 3, 4]",4,0.2193931022920578,5.042092999999999,1,-49.3202155610992,-16.6103017142526,0.0,0.0,"['Load.m2_trf_5505307a', 'Load.m1_trf_5505307a', 'Reactor.trf_5505307a_r', 'PVSystem.pv_51', 'PVSystem.pv_52']",['Transformer.trf_5505307a'],['None'],0.0,"['LOAD.m2_trf_5505307a', 'LOAD.m1_trf_5505307a']",0,0,0.0,0.0,0.0,0.0,0.0,0.0,0.0,0.0,0.0,5.388202739726028,100.67231232876712,298.0870301369863,504.6130082191781,670.9066356164383,780.737101369863,832.743709589041,794.1455397260273,676.3058465753425,510.05616986301374,314.15079452054795,125.65195616438356,11.908953424657534,0.0,0.0
1186,82032765552819,"[1, 2, 3, 4]",4,0.2193931022920578,7.166838999999998,1,-49.3235481886978,-16.6146231986016,0.0,0.0,"['Load.m2_trf_5552819a', 'Load.m1_trf_5552819a', 'Reactor.trf_5552819a_r', 'PVSystem.pv_5', 'PVSystem.pv_6']",['Transformer.trf_5552819a'],['None'],0.0,"['LOAD.m2_trf_5552819a', 'LOAD.m1_trf_5552819a']",0,0,0.0,0.0,0.0,0.0,0.0,0.0,0.0,0.0,0.0,5.3881205479452055,100.51913424657533,298.0870301369863,504.6130082191781,670.9066356164383,780.737101369863,832.743709589041,794.1455397260273,676.3058465753425,510.05616986301374,314.15079452054795,125.65195616438356,11.908975342465753,0.0,0.0
1189,82044325557353,"[1, 2, 3, 4]",4,0.2193931022920578,5.095354,1,-49.3164641848741,-16.6103176025752,0.0,0.0,"['Load.m2_trf_5557353a', 'Load.m1_trf_5557353a', 'Reactor.trf_5557353a_r', 'PVSystem.pv_111', 'PVSystem.pv_112']",['Transformer.trf_5557353a'],['None'],0.0,"['LOAD.m2_trf_5557353a', 'LOAD.m1_trf_5557353a']",0,0,0.0,0.0,0.0,0.0,0.0,0.0,0.0,0.0,0.0,5.38838904109589,100.67281643835616,298.0870301369863,504.6130082191781,670.9066356164383,780.737101369863,832.743709589041,794.1455397260273,676.3058465753425,510.05616986301374,314.1507890410959,125.65195616438356,11.90892602739726,0.0,0.0
1195,82031405286958,"[1, 2, 3, 4]",4,0.2193931022920578,7.082486999999999,1,-49.3234552626502,-16.6163199198284,0.0,0.0,"['Load.m2_trf_5286958a', 'Load.m1_trf_5286958a', 'Reactor.trf_5286958a_r', 'PVSystem.pv_59', 'PVSystem.pv_60']",['Transformer.trf_5286958a'],['None'],0.0,"['LOAD.m2_trf_5286958a', 'LOAD.m1_trf_5286958a']",0,0,0.0,0.0,0.0,0.0,0.0,0.0,0.0,0.0,0.0,5.370454794520548,100.51893150684933,298.08702465753424,504.6130082191781,670.9066356164383,780.737101369863,832.743709589041,794.1455397260273,676.3058465753425,510.05616986301374,314.1507890410959,125.65195616438356,11.909002739726027,0.0,0.0
1196,82031445286959,"[1, 2, 3, 4]",4,0.2193931022920578,6.914942999999998,1,-49.3244927115693,-16.6166536078776,0.0,0.0,"['Load.m2_trf_5286959a', 'Load.m1_trf_5286959a', 'Reactor.trf_5286959a_r', 'PVSystem.pv_29', 'PVSystem.pv_30']",['Transformer.trf_5286959a'],['None'],0.0,"['LOAD.m2_trf_5286959a', 'LOAD.m1_trf_5286959a']",0,0,0.0,0.0,0.0,0.0,0.0,0.0,0.0,0.0,0.0,5.388065753424658,100.67118904109589,298.08702465753424,504.6130082191781,670.9066356164383,780.737101369863,832.743709589041,794.1455397260273,676.3058465753425,510.05616986301374,314.15079452054795,125.65195616438356,11.909024657534246,0.0,0.0
1197,82033945286960,"[1, 2, 3, 4]",4,0.2193931022920578,5.204171,1,-49.3190415348389,-16.6104404373762,0.0,0.0,"['Load.m2_trf_5286960a', 'Load.m1_trf_5286960a', 'Reactor.trf_5286960a_r', 'PVSystem.pv_81', 'PVSystem.pv_82']",['Transformer.trf_5286960a'],['None'],0.0,"['LOAD.m2_trf_5286960a', 'LOAD.m1_trf_5286960a']",0,0,0.0,0.0,0.0,0.0,0.0,0.0,0.0,0.0,0.0,5.3882520547945205,100.6724712328767,298.0870301369863,504.6130082191781,670.9066356164383,780.737101369863,832.743709589041,794.1455397260273,676.3058465753425,510.05616986301374,314.15079452054795,125.65195616438356,11.908953424657534,0.0,0.0
1198,97400945286961,"[1, 2, 3, 4]",4,0.2193931022920578,4.728033999999999,1,-49.3212885458297,-16.6090653739677,0.0,0.0,"['Load.m2_trf_5286961a', 'Load.m1_trf_5286961a', 'Reactor.trf_5286961a_r', 'PVSystem.pv_21', 'PVSystem.pv_22']",['Transformer.trf_5286961a'],['None'],0.0,"['LOAD.m2_trf_5286961a', 'LOAD.m1_trf_5286961a']",0,0,0.0,0.0,0.0,0.0,0.0,0.0,0.0,0.0,0.0,5.3881205479452055,100.67221369863013,298.0870301369863,504.6130082191781,670.9066356164383,780.737101369863,832.743709589041,794.1455397260273,676.3058465753425,510.05616986301374,314.15079452054795,125.65195616438356,11.908958904109591,0.0,0.0
1201,82036275286964,"[1, 2, 3, 4]",4,0.2193931022920578,5.884287999999997,1,-49.3205321638282,-16.6151125062371,0.0,0.0,"['Load.m2_trf_5286964a', 'Load.m1_trf_5286964a', 'Reactor.trf_5286964a_r', 'PVSystem.pv_1', 'PVSystem.pv_2']",['Transformer.trf_5286964a'],['None'],0.0,"['LOAD.m2_trf_5286964a', 'LOAD.m1_trf_5286964a']",0,0,0.0,0.0,0.0,0.0,0.0,0.0,0.0,0.0,0.0,5.388279452054794,100.67196712328769,298.0870301369863,504.6130082191781,670.9066356164383,780.737101369863,832.743709589041,794.1455397260273,676.3058465753425,510.05616986301374,314.1507890410959,125.65195616438356,11.908953424657534,0.0,0.0
1202,82035485286965,"[1, 2, 3, 4]",4,0.2193931022920578,5.733493999999998,1,-49.3204159930036,-16.6127869709418,0.0,0.0,"['Load.m2_trf_5286965a', 'Load.m1_trf_5286965a', 'Reactor.trf_5286965a_r', 'PVSystem.pv_55', 'PVSystem.pv_56']",['Transformer.trf_5286965a'],['None'],0.0,"['LOAD.m2_trf_5286965a', 'LOAD.m1_trf_5286965a']",0,0,0.0,0.0,0.0,0.0,0.0,0.0,0.0,0.0,0.0,5.3882301369863015,100.67210410958904,298.0870301369863,504.6130082191781,670.9066356164383,780.737101369863,832.743709589041,794.1455397260273,676.3058465753425,510.05616986301374,314.1507890410959,125.65195616438356,11.908953424657534,0.0,0.0
1203,82036045286966,"[1, 2, 3, 4]",4,0.2193931022920578,4.956633999999999,1,-49.3219630490554,-16.6109721471468,0.0,0.0,"['Load.m2_trf_5286966a', 'Load.m1_trf_5286966a', 'Reactor.trf_5286966a_r', 'PVSystem.pv_75', 'PVSystem.pv_76']",['Transformer.trf_5286966a'],['None'],0.0,"['LOAD.m2_trf_5286966a', 'LOAD.m1_trf_5286966a']",0,0,0.0,0.0,0.0,0.0,0.0,0.0,0.0,0.0,0.0,5.38812602739726,100.67202191780822,298.0870301369863,504.6130082191781,670.9066356164383,780.737101369863,832.743709589041,794.1455397260273,676.3058465753425,510.05616986301374,314.15079452054795,125.65195616438356,11.908958904109591,0.0,0.0
